{"cameraMode":{"drawMode":0,"name":"Shaded","section":"Shading Mode"},"sceneLighting":false,"audioPlay":false,"sceneViewState":{"showFog":true,"showMaterialUpdate":false,"showSkybox":false,"showFlares":true,"showImageEffects":true,"showParticleSystems":true},"in2DMode":false,"pivot":{"x":-3.350973129272461,"y":-2.575122117996216,"z":2.2186989784240724},"rotation":{"x":-0.13402220606803895,"y":0.5130983591079712,"z":-0.08148688077926636,"w":-0.8438838124275208},"size":7.2099080085754398,"orthographic":false}